{"cameraMode":{"drawMode":0,"name":"Shaded","section":"Shading Mode"},"sceneLighting":true,"audioPlay":false,"sceneViewState":{"m_AlwaysRefresh":false,"showFog":true,"showSkybox":true,"showFlares":true,"showImageEffects":true,"showParticleSystems":true,"showVisualEffectGraphs":true,"m_FxEnabled":true},"in2DMode":false,"pivot":{"x":3.5006332397460939,"y":0.5693974494934082,"z":1.604421854019165},"rotation":{"x":0.05214565247297287,"y":0.9026980400085449,"z":-0.4116035997867584,"w":0.11432945728302002},"size":2.142613172531128,"orthographic":false}