{"cameraMode":{"drawMode":0,"name":"Shaded","section":"Shading Mode"},"sceneLighting":true,"audioPlay":false,"sceneViewState":{"m_AlwaysRefresh":false,"showFog":true,"showSkybox":true,"showFlares":true,"showImageEffects":true,"showParticleSystems":true,"showVisualEffectGraphs":true,"m_FxEnabled":true},"in2DMode":false,"pivot":{"x":0.8564400672912598,"y":0.7908563613891602,"z":0.02106761932373047},"rotation":{"x":0.40999695658683779,"y":0.11876170337200165,"z":-0.05395049229264259,"w":0.9027579426765442},"size":10.100541114807129,"orthographic":false}